image,tissue_type
2_00000.png,Breast
2_00001.png,Breast
2_00002.png,Breast
2_00003.png,Breast
2_00004.png,Breast
2_00005.png,Breast
2_00006.png,Breast
2_00007.png,Breast
2_00008.png,Breast
2_00009.png,Breast
2_00010.png,Breast
2_00011.png,Breast
2_00012.png,Breast
2_00013.png,Breast
2_00014.png,Breast
2_00015.png,Breast
2_00016.png,Breast
2_00017.png,Breast
2_00018.png,Breast
2_00019.png,Breast
2_00020.png,Breast
2_00021.png,Breast
2_00022.png,Breast
2_00023.png,Breast
2_00024.png,Breast
2_00025.png,Breast
2_00026.png,Breast
2_00027.png,Breast
2_00028.png,Breast
2_00029.png,Breast
2_00030.png,Breast
2_00031.png,Breast
2_00032.png,Breast
2_00033.png,Breast
2_00034.png,Breast
2_00035.png,Breast
2_00036.png,Breast
2_00037.png,Breast
2_00038.png,Breast
2_00039.png,Breast
2_00040.png,Breast
2_00041.png,Breast
2_00042.png,Breast
2_00043.png,Breast
2_00044.png,Breast
2_00045.png,Breast
2_00046.png,Breast
2_00047.png,Breast
2_00048.png,Breast
2_00049.png,Breast
2_00050.png,Breast
2_00051.png,Breast
2_00052.png,Breast
2_00053.png,Breast
2_00054.png,Breast
2_00055.png,Breast
2_00056.png,Breast
2_00057.png,Breast
2_00058.png,Breast
2_00059.png,Breast
2_00060.png,Breast
2_00061.png,Breast
2_00062.png,Breast
2_00063.png,Breast
2_00064.png,Breast
2_00065.png,Breast
2_00066.png,Breast
2_00067.png,Breast
2_00068.png,Breast
2_00069.png,Breast
2_00070.png,Breast
2_00071.png,Breast
2_00072.png,Breast
2_00073.png,Breast
2_00074.png,Breast
2_00075.png,Breast
2_00076.png,Breast
2_00077.png,Breast
2_00078.png,Breast
2_00079.png,Breast
2_00080.png,Breast
2_00081.png,Breast
2_00082.png,Breast
2_00083.png,Breast
2_00084.png,Breast
2_00085.png,Breast
2_00086.png,Breast
2_00087.png,Breast
2_00088.png,Breast
2_00089.png,Breast
2_00090.png,Breast
2_00091.png,Breast
2_00092.png,Breast
2_00093.png,Breast
2_00094.png,Breast
2_00095.png,Breast
2_00096.png,Breast
2_00097.png,Breast
2_00098.png,Breast
2_00099.png,Breast
2_00100.png,Breast
2_00101.png,Breast
2_00102.png,Breast
2_00103.png,Breast
2_00104.png,Breast
2_00105.png,Breast
2_00106.png,Breast
2_00107.png,Breast
2_00108.png,Breast
2_00109.png,Breast
2_00110.png,Breast
2_00111.png,Breast
2_00112.png,Breast
2_00113.png,Breast
2_00114.png,Breast
2_00115.png,Breast
2_00116.png,Breast
2_00117.png,Breast
2_00118.png,Breast
2_00119.png,Breast
2_00120.png,Breast
2_00121.png,Breast
2_00122.png,Breast
2_00123.png,Breast
2_00124.png,Breast
2_00125.png,Breast
2_00126.png,Breast
2_00127.png,Breast
2_00128.png,Breast
2_00129.png,Breast
2_00130.png,Breast
2_00131.png,Breast
2_00132.png,Breast
2_00133.png,Breast
2_00134.png,Breast
2_00135.png,Breast
2_00136.png,Breast
2_00137.png,Breast
2_00138.png,Breast
2_00139.png,Breast
2_00140.png,Breast
2_00141.png,Breast
2_00142.png,Breast
2_00143.png,Breast
2_00144.png,Breast
2_00145.png,Breast
2_00146.png,Breast
2_00147.png,Breast
2_00148.png,Breast
2_00149.png,Breast
2_00150.png,Breast
2_00151.png,Breast
2_00152.png,Breast
2_00153.png,Breast
2_00154.png,Breast
2_00155.png,Breast
2_00156.png,Breast
2_00157.png,Breast
2_00158.png,Breast
2_00159.png,Breast
2_00160.png,Breast
2_00161.png,Breast
2_00162.png,Breast
2_00163.png,Breast
2_00164.png,Breast
2_00165.png,Breast
2_00166.png,Breast
2_00167.png,Breast
2_00168.png,Breast
2_00169.png,Breast
2_00170.png,Breast
2_00171.png,Breast
2_00172.png,Breast
2_00173.png,Breast
2_00174.png,Breast
2_00175.png,Breast
2_00176.png,Breast
2_00177.png,Breast
2_00178.png,Breast
2_00179.png,Breast
2_00180.png,Breast
2_00181.png,Breast
2_00182.png,Breast
2_00183.png,Breast
2_00184.png,Breast
2_00185.png,Breast
2_00186.png,Breast
2_00187.png,Breast
2_00188.png,Breast
2_00189.png,Breast
2_00190.png,Breast
2_00191.png,Breast
2_00192.png,Breast
2_00193.png,Breast
2_00194.png,Breast
2_00195.png,Breast
2_00196.png,Breast
2_00197.png,Breast
2_00198.png,Breast
2_00199.png,Breast
2_00200.png,Breast
2_00201.png,Breast
2_00202.png,Breast
2_00203.png,Breast
2_00204.png,Breast
2_00205.png,Breast
2_00206.png,Breast
2_00207.png,Breast
2_00208.png,Breast
2_00209.png,Breast
2_00210.png,Breast
2_00211.png,Breast
2_00212.png,Breast
2_00213.png,Breast
2_00214.png,Breast
2_00215.png,Breast
2_00216.png,Breast
2_00217.png,Breast
2_00218.png,Breast
2_00219.png,Breast
2_00220.png,Breast
2_00221.png,Breast
2_00222.png,Breast
2_00223.png,Breast
2_00224.png,Breast
2_00225.png,Breast
2_00226.png,Breast
2_00227.png,Breast
2_00228.png,Breast
2_00229.png,Breast
2_00230.png,Breast
2_00231.png,Breast
2_00232.png,Breast
2_00233.png,Breast
2_00234.png,Breast
2_00235.png,Breast
2_00236.png,Breast
2_00237.png,Breast
2_00238.png,Breast
2_00239.png,Breast
2_00240.png,Breast
2_00241.png,Breast
2_00242.png,Breast
2_00243.png,Breast
2_00244.png,Breast
2_00245.png,Breast
2_00246.png,Breast
2_00247.png,Breast
2_00248.png,Breast
2_00249.png,Breast
2_00250.png,Breast
2_00251.png,Breast
2_00252.png,Breast
2_00253.png,Breast
2_00254.png,Breast
2_00255.png,Breast
2_00256.png,Breast
2_00257.png,Breast
2_00258.png,Breast
2_00259.png,Breast
2_00260.png,Breast
2_00261.png,Breast
2_00262.png,Breast
2_00263.png,Breast
2_00264.png,Breast
2_00265.png,Breast
2_00266.png,Breast
2_00267.png,Breast
2_00268.png,Breast
2_00269.png,Breast
2_00270.png,Breast
2_00271.png,Breast
2_00272.png,Breast
2_00273.png,Breast
2_00274.png,Breast
2_00275.png,Breast
2_00276.png,Breast
2_00277.png,Breast
2_00278.png,Breast
2_00279.png,Breast
2_00280.png,Breast
2_00281.png,Breast
2_00282.png,Breast
2_00283.png,Breast
2_00284.png,Breast
2_00285.png,Breast
2_00286.png,Breast
2_00287.png,Breast
2_00288.png,Breast
2_00289.png,Breast
2_00290.png,Breast
2_00291.png,Breast
2_00292.png,Breast
2_00293.png,Breast
2_00294.png,Breast
2_00295.png,Breast
2_00296.png,Breast
2_00297.png,Breast
2_00298.png,Breast
2_00299.png,Breast
2_00300.png,Breast
2_00301.png,Breast
2_00302.png,Breast
2_00303.png,Breast
2_00304.png,Breast
2_00305.png,Breast
2_00306.png,Breast
2_00307.png,Breast
2_00308.png,Breast
2_00309.png,Breast
2_00310.png,Breast
2_00311.png,Breast
2_00312.png,Breast
2_00313.png,Breast
2_00314.png,Breast
2_00315.png,Breast
2_00316.png,Breast
2_00317.png,Breast
2_00318.png,Breast
2_00319.png,Breast
2_00320.png,Breast
2_00321.png,Breast
2_00322.png,Breast
2_00323.png,Breast
2_00324.png,Breast
2_00325.png,Breast
2_00326.png,Breast
2_00327.png,Breast
2_00328.png,Breast
2_00329.png,Breast
2_00330.png,Breast
2_00331.png,Breast
2_00332.png,Breast
2_00333.png,Breast
2_00334.png,Breast
2_00335.png,Breast
2_00336.png,Breast
2_00337.png,Breast
2_00338.png,Breast
2_00339.png,Breast
2_00340.png,Breast
2_00341.png,Breast
2_00342.png,Breast
2_00343.png,Breast
2_00344.png,Breast
2_00345.png,Breast
2_00346.png,Breast
2_00347.png,Breast
2_00348.png,Breast
2_00349.png,Breast
2_00350.png,Breast
2_00351.png,Breast
2_00352.png,Breast
2_00353.png,Breast
2_00354.png,Breast
2_00355.png,Breast
2_00356.png,Breast
2_00357.png,Breast
2_00358.png,Breast
2_00359.png,Breast
2_00360.png,Breast
2_00361.png,Breast
2_00362.png,Breast
2_00363.png,Breast
2_00364.png,Breast
2_00365.png,Breast
2_00366.png,Breast
2_00367.png,Breast
2_00368.png,Breast
2_00369.png,Breast
2_00370.png,Breast
2_00371.png,Breast
2_00372.png,Breast
2_00373.png,Breast
2_00374.png,Breast
2_00375.png,Breast
2_00376.png,Breast
2_00377.png,Breast
2_00378.png,Breast
2_00379.png,Breast
2_00380.png,Breast
2_00381.png,Breast
2_00382.png,Breast
2_00383.png,Breast
2_00384.png,Breast
2_00385.png,Breast
2_00386.png,Breast
2_00387.png,Breast
2_00388.png,Breast
2_00389.png,Breast
2_00390.png,Breast
2_00391.png,Breast
2_00392.png,Breast
2_00393.png,Breast
2_00394.png,Breast
2_00395.png,Breast
2_00396.png,Breast
2_00397.png,Breast
2_00398.png,Breast
2_00399.png,Breast
2_00400.png,Breast
2_00401.png,Breast
2_00402.png,Breast
2_00403.png,Breast
2_00404.png,Breast
2_00405.png,Breast
2_00406.png,Breast
2_00407.png,Breast
2_00408.png,Breast
2_00409.png,Breast
2_00410.png,Breast
2_00411.png,Breast
2_00412.png,Breast
2_00413.png,Breast
2_00414.png,Breast
2_00415.png,Breast
2_00416.png,Breast
2_00417.png,Breast
2_00418.png,Breast
2_00419.png,Breast
2_00420.png,Breast
2_00421.png,Breast
2_00422.png,Breast
2_00423.png,Breast
2_00424.png,Breast
2_00425.png,Breast
2_00426.png,Breast
2_00427.png,Breast
2_00428.png,Breast
2_00429.png,Breast
2_00430.png,Breast
2_00431.png,Breast
2_00432.png,Breast
2_00433.png,Breast
2_00434.png,Breast
2_00435.png,Breast
2_00436.png,Breast
2_00437.png,Breast
2_00438.png,Breast
2_00439.png,Breast
2_00440.png,Breast
2_00441.png,Breast
2_00442.png,Breast
2_00443.png,Breast
2_00444.png,Breast
2_00445.png,Breast
2_00446.png,Breast
2_00447.png,Breast
2_00448.png,Breast
2_00449.png,Breast
2_00450.png,Breast
2_00451.png,Breast
2_00452.png,Breast
2_00453.png,Breast
2_00454.png,Breast
2_00455.png,Breast
2_00456.png,Breast
2_00457.png,Breast
2_00458.png,Breast
2_00459.png,Breast
2_00460.png,Breast
2_00461.png,Breast
2_00462.png,Breast
2_00463.png,Breast
2_00464.png,Breast
2_00465.png,Breast
2_00466.png,Breast
2_00467.png,Breast
2_00468.png,Breast
2_00469.png,Breast
2_00470.png,Breast
2_00471.png,Breast
2_00472.png,Breast
2_00473.png,Breast
2_00474.png,Breast
2_00475.png,Breast
2_00476.png,Breast
2_00477.png,Breast
2_00478.png,Breast
2_00479.png,Breast
2_00480.png,Breast
2_00481.png,Breast
2_00482.png,Breast
2_00483.png,Breast
2_00484.png,Breast
2_00485.png,Breast
2_00486.png,Breast
2_00487.png,Breast
2_00488.png,Breast
2_00489.png,Breast
2_00490.png,Breast
2_00491.png,Breast
2_00492.png,Breast
2_00493.png,Breast
2_00494.png,Breast
2_00495.png,Breast
2_00496.png,Breast
2_00497.png,Breast
2_00498.png,Breast
2_00499.png,Breast
2_00500.png,Breast
2_00501.png,Breast
2_00502.png,Breast
2_00503.png,Breast
2_00504.png,Breast
2_00505.png,Breast
2_00506.png,Breast
2_00507.png,Breast
2_00508.png,Breast
2_00509.png,Breast
2_00510.png,Breast
2_00511.png,Breast
2_00512.png,Breast
2_00513.png,Breast
2_00514.png,Breast
2_00515.png,Breast
2_00516.png,Breast
2_00517.png,Breast
2_00518.png,Breast
2_00519.png,Breast
2_00520.png,Breast
2_00521.png,Breast
2_00522.png,Breast
2_00523.png,Breast
2_00524.png,Breast
2_00525.png,Breast
2_00526.png,Breast
2_00527.png,Breast
2_00528.png,Breast
2_00529.png,Breast
2_00530.png,Breast
2_00531.png,Breast
2_00532.png,Breast
2_00533.png,Breast
2_00534.png,Breast
2_00535.png,Breast
2_00536.png,Breast
2_00537.png,Breast
2_00538.png,Breast
2_00539.png,Breast
2_00540.png,Breast
2_00541.png,Breast
2_00542.png,Breast
2_00543.png,Breast
2_00544.png,Breast
2_00545.png,Breast
2_00546.png,Breast
2_00547.png,Breast
2_00548.png,Breast
2_00549.png,Breast
2_00550.png,Breast
2_00551.png,Breast
2_00552.png,Breast
2_00553.png,Breast
2_00554.png,Breast
2_00555.png,Breast
2_00556.png,Breast
2_00557.png,Breast
2_00558.png,Breast
2_00559.png,Breast
2_00560.png,Breast
2_00561.png,Breast
2_00562.png,Breast
2_00563.png,Breast
2_00564.png,Breast
2_00565.png,Breast
2_00566.png,Breast
2_00567.png,Breast
2_00568.png,Breast
2_00569.png,Breast
2_00570.png,Breast
2_00571.png,Breast
2_00572.png,Breast
2_00573.png,Breast
2_00574.png,Breast
2_00575.png,Breast
2_00576.png,Breast
2_00577.png,Breast
2_00578.png,Breast
2_00579.png,Breast
2_00580.png,Breast
2_00581.png,Breast
2_00582.png,Breast
2_00583.png,Breast
2_00584.png,Breast
2_00585.png,Breast
2_00586.png,Breast
2_00587.png,Breast
2_00588.png,Breast
2_00589.png,Breast
2_00590.png,Breast
2_00591.png,Breast
2_00592.png,Breast
2_00593.png,Breast
2_00594.png,Breast
2_00595.png,Breast
2_00596.png,Breast
2_00597.png,Breast
2_00598.png,Breast
2_00599.png,Breast
2_00600.png,Breast
2_00601.png,Breast
2_00602.png,Breast
2_00603.png,Breast
2_00604.png,Breast
2_00605.png,Breast
2_00606.png,Breast
2_00607.png,Breast
2_00608.png,Breast
2_00609.png,Breast
2_00610.png,Breast
2_00611.png,Breast
2_00612.png,Breast
2_00613.png,Breast
2_00614.png,Breast
2_00615.png,Breast
2_00616.png,Breast
2_00617.png,Breast
2_00618.png,Breast
2_00619.png,Breast
2_00620.png,Breast
2_00621.png,Breast
2_00622.png,Breast
2_00623.png,Breast
2_00624.png,Breast
2_00625.png,Breast
2_00626.png,Breast
2_00627.png,Breast
2_00628.png,Breast
2_00629.png,Breast
2_00630.png,Breast
2_00631.png,Breast
2_00632.png,Breast
2_00633.png,Breast
2_00634.png,Breast
2_00635.png,Breast
2_00636.png,Breast
2_00637.png,Breast
2_00638.png,Breast
2_00639.png,Breast
2_00640.png,Breast
2_00641.png,Breast
2_00642.png,Breast
2_00643.png,Breast
2_00644.png,Breast
2_00645.png,Breast
2_00646.png,Breast
2_00647.png,Breast
2_00648.png,Breast
2_00649.png,Breast
2_00650.png,Breast
2_00651.png,Breast
2_00652.png,Breast
2_00653.png,Breast
2_00654.png,Breast
2_00655.png,Breast
2_00656.png,Breast
2_00657.png,Breast
2_00658.png,Breast
2_00659.png,Breast
2_00660.png,Breast
2_00661.png,Breast
2_00662.png,Breast
2_00663.png,Breast
2_00664.png,Breast
2_00665.png,Breast
2_00666.png,Breast
2_00667.png,Breast
2_00668.png,Breast
2_00669.png,Breast
2_00670.png,Breast
2_00671.png,Breast
2_00672.png,Breast
2_00673.png,Breast
2_00674.png,Breast
2_00675.png,Breast
2_00676.png,Breast
2_00677.png,Breast
2_00678.png,Breast
2_00679.png,Breast
2_00680.png,Breast
2_00681.png,Breast
2_00682.png,Breast
2_00683.png,Breast
2_00684.png,Breast
2_00685.png,Breast
2_00686.png,Breast
2_00687.png,Breast
2_00688.png,Breast
2_00689.png,Breast
2_00690.png,Breast
2_00691.png,Breast
2_00692.png,Breast
2_00693.png,Breast
2_00694.png,Breast
2_00695.png,Breast
2_00696.png,Breast
2_00697.png,Breast
2_00698.png,Breast
2_00699.png,Breast
2_00700.png,Breast
2_00701.png,Breast
2_00702.png,Breast
2_00703.png,Breast
2_00704.png,Breast
2_00705.png,Breast
2_00706.png,Colon
2_00707.png,Colon
2_00708.png,Colon
2_00709.png,Colon
2_00710.png,Colon
2_00711.png,Colon
2_00712.png,Colon
2_00713.png,Colon
2_00714.png,Colon
2_00715.png,Colon
2_00716.png,Colon
2_00717.png,Colon
2_00718.png,Colon
2_00719.png,Colon
2_00720.png,Colon
2_00721.png,Colon
2_00722.png,Colon
2_00723.png,Colon
2_00724.png,Colon
2_00725.png,Colon
2_00726.png,Colon
2_00727.png,Colon
2_00728.png,Colon
2_00729.png,Colon
2_00730.png,Colon
2_00731.png,Colon
2_00732.png,Colon
2_00733.png,Colon
2_00734.png,Colon
2_00735.png,Colon
2_00736.png,Colon
2_00737.png,Colon
2_00738.png,Colon
2_00739.png,Colon
2_00740.png,Colon
2_00741.png,Colon
2_00742.png,Colon
2_00743.png,Colon
2_00744.png,Colon
2_00745.png,Colon
2_00746.png,Colon
2_00747.png,Colon
2_00748.png,Colon
2_00749.png,Colon
2_00750.png,Colon
2_00751.png,Colon
2_00752.png,Colon
2_00753.png,Colon
2_00754.png,Colon
2_00755.png,Colon
2_00756.png,Colon
2_00757.png,Colon
2_00758.png,Colon
2_00759.png,Colon
2_00760.png,Colon
2_00761.png,Colon
2_00762.png,Colon
2_00763.png,Colon
2_00764.png,Colon
2_00765.png,Colon
2_00766.png,Colon
2_00767.png,Colon
2_00768.png,Colon
2_00769.png,Colon
2_00770.png,Colon
2_00771.png,Colon
2_00772.png,Colon
2_00773.png,Colon
2_00774.png,Colon
2_00775.png,Colon
2_00776.png,Colon
2_00777.png,Colon
2_00778.png,Colon
2_00779.png,Colon
2_00780.png,Colon
2_00781.png,Colon
2_00782.png,Colon
2_00783.png,Colon
2_00784.png,Colon
2_00785.png,Colon
2_00786.png,Colon
2_00787.png,Colon
2_00788.png,Colon
2_00789.png,Colon
2_00790.png,Colon
2_00791.png,Colon
2_00792.png,Colon
2_00793.png,Colon
2_00794.png,Colon
2_00795.png,Colon
2_00796.png,Colon
2_00797.png,Colon
2_00798.png,Colon
2_00799.png,Colon
2_00800.png,Colon
2_00801.png,Colon
2_00802.png,Colon
2_00803.png,Colon
2_00804.png,Colon
2_00805.png,Colon
2_00806.png,Colon
2_00807.png,Colon
2_00808.png,Colon
2_00809.png,Colon
2_00810.png,Colon
2_00811.png,Colon
2_00812.png,Colon
2_00813.png,Colon
2_00814.png,Colon
2_00815.png,Colon
2_00816.png,Lung
2_00817.png,Lung
2_00818.png,Lung
2_00819.png,Lung
2_00820.png,Lung
2_00821.png,Lung
2_00822.png,Lung
2_00823.png,Lung
2_00824.png,Lung
2_00825.png,Lung
2_00826.png,Lung
2_00827.png,Lung
2_00828.png,Lung
2_00829.png,Lung
2_00830.png,Lung
2_00831.png,Breast
2_00832.png,Breast
2_00833.png,Breast
2_00834.png,Breast
2_00835.png,Breast
2_00836.png,Breast
2_00837.png,Breast
2_00838.png,Breast
2_00839.png,Breast
2_00840.png,Breast
2_00841.png,Colon
2_00842.png,Colon
2_00843.png,Kidney
2_00844.png,Kidney
2_00845.png,Kidney
2_00846.png,Kidney
2_00847.png,Kidney
2_00848.png,Prostate
2_00849.png,Prostate
2_00850.png,Prostate
2_00851.png,Bladder
2_00852.png,Bladder
2_00853.png,Bladder
2_00854.png,Breast
2_00855.png,Breast
2_00856.png,Breast
2_00857.png,Breast
2_00858.png,Breast
2_00859.png,Breast
2_00860.png,Bladder
2_00861.png,Bladder
2_00862.png,Bladder
2_00863.png,Prostate
2_00864.png,Prostate
2_00865.png,Prostate
2_00866.png,Prostate
2_00867.png,Prostate
2_00868.png,Prostate
2_00869.png,Prostate
2_00870.png,Prostate
2_00871.png,Prostate
2_00872.png,Prostate
2_00873.png,Prostate
2_00874.png,Prostate
2_00875.png,Prostate
2_00876.png,Prostate
2_00877.png,Prostate
2_00878.png,Prostate
2_00879.png,Prostate
2_00880.png,Prostate
2_00881.png,Prostate
2_00882.png,Prostate
2_00883.png,Prostate
2_00884.png,Prostate
2_00885.png,Kidney
2_00886.png,Kidney
2_00887.png,Kidney
2_00888.png,Kidney
2_00889.png,Kidney
2_00890.png,Stomach
2_00891.png,Stomach
2_00892.png,Stomach
2_00893.png,Stomach
2_00894.png,Stomach
2_00895.png,Ovarian
2_00896.png,Ovarian
2_00897.png,Ovarian
2_00898.png,Ovarian
2_00899.png,Esophagus
2_00900.png,Esophagus
2_00901.png,Esophagus
2_00902.png,Esophagus
2_00903.png,Esophagus
2_00904.png,Esophagus
2_00905.png,Esophagus
2_00906.png,Esophagus
2_00907.png,Esophagus
2_00908.png,Esophagus
2_00909.png,Esophagus
2_00910.png,Esophagus
2_00911.png,Esophagus
2_00912.png,Esophagus
2_00913.png,Esophagus
2_00914.png,Esophagus
2_00915.png,Esophagus
2_00916.png,Esophagus
2_00917.png,Esophagus
2_00918.png,Esophagus
2_00919.png,Esophagus
2_00920.png,Esophagus
2_00921.png,Esophagus
2_00922.png,Esophagus
2_00923.png,Esophagus
2_00924.png,Esophagus
2_00925.png,Esophagus
2_00926.png,Esophagus
2_00927.png,Esophagus
2_00928.png,Esophagus
2_00929.png,Lung
2_00930.png,Lung
2_00931.png,Lung
2_00932.png,Lung
2_00933.png,Lung
2_00934.png,Lung
2_00935.png,Lung
2_00936.png,Lung
2_00937.png,Lung
2_00938.png,Lung
2_00939.png,Lung
2_00940.png,Lung
2_00941.png,Lung
2_00942.png,Lung
2_00943.png,Lung
2_00944.png,Lung
2_00945.png,Lung
2_00946.png,Lung
2_00947.png,Lung
2_00948.png,Lung
2_00949.png,Lung
2_00950.png,Lung
2_00951.png,Lung
2_00952.png,Lung
2_00953.png,Lung
2_00954.png,Lung
2_00955.png,Lung
2_00956.png,Uterus
2_00957.png,Uterus
2_00958.png,Uterus
2_00959.png,Uterus
2_00960.png,Uterus
2_00961.png,Uterus
2_00962.png,Uterus
2_00963.png,Uterus
2_00964.png,Uterus
2_00965.png,Uterus
2_00966.png,Uterus
2_00967.png,Uterus
2_00968.png,Uterus
2_00969.png,Uterus
2_00970.png,Uterus
2_00971.png,Uterus
2_00972.png,Uterus
2_00973.png,Uterus
2_00974.png,Uterus
2_00975.png,Uterus
2_00976.png,Uterus
2_00977.png,Uterus
2_00978.png,Uterus
2_00979.png,Uterus
2_00980.png,Uterus
2_00981.png,Uterus
2_00982.png,Uterus
2_00983.png,Uterus
2_00984.png,Uterus
2_00985.png,Uterus
2_00986.png,Uterus
2_00987.png,Uterus
2_00988.png,Uterus
2_00989.png,Uterus
2_00990.png,Uterus
2_00991.png,Uterus
2_00992.png,Uterus
2_00993.png,Uterus
2_00994.png,Uterus
2_00995.png,Uterus
2_00996.png,Uterus
2_00997.png,Uterus
2_00998.png,Uterus
2_00999.png,Uterus
2_01000.png,Uterus
2_01001.png,Uterus
2_01002.png,Uterus
2_01003.png,Uterus
2_01004.png,Uterus
2_01005.png,Uterus
2_01006.png,Uterus
2_01007.png,Uterus
2_01008.png,Thyroid
2_01009.png,Thyroid
2_01010.png,Thyroid
2_01011.png,Thyroid
2_01012.png,Thyroid
2_01013.png,Thyroid
2_01014.png,Thyroid
2_01015.png,Thyroid
2_01016.png,Thyroid
2_01017.png,Skin
2_01018.png,Skin
2_01019.png,Skin
2_01020.png,Skin
2_01021.png,Skin
2_01022.png,Cervix
2_01023.png,Cervix
2_01024.png,Cervix
2_01025.png,Cervix
2_01026.png,Cervix
2_01027.png,Cervix
2_01028.png,Cervix
2_01029.png,Cervix
2_01030.png,Thyroid
2_01031.png,Thyroid
2_01032.png,Thyroid
2_01033.png,Thyroid
2_01034.png,Thyroid
2_01035.png,Thyroid
2_01036.png,Thyroid
2_01037.png,Thyroid
2_01038.png,Thyroid
2_01039.png,Thyroid
2_01040.png,Thyroid
2_01041.png,Thyroid
2_01042.png,Thyroid
2_01043.png,Esophagus
2_01044.png,Esophagus
2_01045.png,Esophagus
2_01046.png,Esophagus
2_01047.png,Esophagus
2_01048.png,Esophagus
2_01049.png,Esophagus
2_01050.png,Esophagus
2_01051.png,Esophagus
2_01052.png,Esophagus
2_01053.png,Esophagus
2_01054.png,Esophagus
2_01055.png,Esophagus
2_01056.png,Esophagus
2_01057.png,Esophagus
2_01058.png,Esophagus
2_01059.png,Esophagus
2_01060.png,Esophagus
2_01061.png,Esophagus
2_01062.png,Esophagus
2_01063.png,Esophagus
2_01064.png,Esophagus
2_01065.png,Esophagus
2_01066.png,Esophagus
2_01067.png,Esophagus
2_01068.png,Esophagus
2_01069.png,Esophagus
2_01070.png,Esophagus
2_01071.png,Esophagus
2_01072.png,Esophagus
2_01073.png,Esophagus
2_01074.png,Esophagus
2_01075.png,Esophagus
2_01076.png,Cervix
2_01077.png,Cervix
2_01078.png,Cervix
2_01079.png,Cervix
2_01080.png,Cervix
2_01081.png,Cervix
2_01082.png,Cervix
2_01083.png,Cervix
2_01084.png,Cervix
2_01085.png,Cervix
2_01086.png,Cervix
2_01087.png,Cervix
2_01088.png,Cervix
2_01089.png,Cervix
2_01090.png,Cervix
2_01091.png,Cervix
2_01092.png,Cervix
2_01093.png,Adrenal_gland
2_01094.png,Adrenal_gland
2_01095.png,Adrenal_gland
2_01096.png,Adrenal_gland
2_01097.png,Adrenal_gland
2_01098.png,Adrenal_gland
2_01099.png,Adrenal_gland
2_01100.png,Adrenal_gland
2_01101.png,Adrenal_gland
2_01102.png,Adrenal_gland
2_01103.png,Adrenal_gland
2_01104.png,Adrenal_gland
2_01105.png,Adrenal_gland
2_01106.png,Adrenal_gland
2_01107.png,Adrenal_gland
2_01108.png,Adrenal_gland
2_01109.png,Adrenal_gland
2_01110.png,Adrenal_gland
2_01111.png,Adrenal_gland
2_01112.png,Adrenal_gland
2_01113.png,Adrenal_gland
2_01114.png,Adrenal_gland
2_01115.png,Adrenal_gland
2_01116.png,Adrenal_gland
2_01117.png,Adrenal_gland
2_01118.png,Adrenal_gland
2_01119.png,Adrenal_gland
2_01120.png,Adrenal_gland
2_01121.png,Adrenal_gland
2_01122.png,Adrenal_gland
2_01123.png,Adrenal_gland
2_01124.png,Adrenal_gland
2_01125.png,Adrenal_gland
2_01126.png,Adrenal_gland
2_01127.png,Adrenal_gland
2_01128.png,Adrenal_gland
2_01129.png,Adrenal_gland
2_01130.png,Adrenal_gland
2_01131.png,Adrenal_gland
2_01132.png,Adrenal_gland
2_01133.png,Adrenal_gland
2_01134.png,Adrenal_gland
2_01135.png,Adrenal_gland
2_01136.png,Adrenal_gland
2_01137.png,Adrenal_gland
2_01138.png,Adrenal_gland
2_01139.png,Adrenal_gland
2_01140.png,Adrenal_gland
2_01141.png,Adrenal_gland
2_01142.png,Adrenal_gland
2_01143.png,Adrenal_gland
2_01144.png,Adrenal_gland
2_01145.png,Adrenal_gland
2_01146.png,Adrenal_gland
2_01147.png,Adrenal_gland
2_01148.png,Esophagus
2_01149.png,Esophagus
2_01150.png,Esophagus
2_01151.png,Esophagus
2_01152.png,Esophagus
2_01153.png,Esophagus
2_01154.png,Esophagus
2_01155.png,Esophagus
2_01156.png,Esophagus
2_01157.png,Esophagus
2_01158.png,Esophagus
2_01159.png,Esophagus
2_01160.png,Esophagus
2_01161.png,Esophagus
2_01162.png,Esophagus
2_01163.png,Esophagus
2_01164.png,Esophagus
2_01165.png,Esophagus
2_01166.png,Esophagus
2_01167.png,Esophagus
2_01168.png,Esophagus
2_01169.png,Esophagus
2_01170.png,Esophagus
2_01171.png,Esophagus
2_01172.png,Esophagus
2_01173.png,Esophagus
2_01174.png,Esophagus
2_01175.png,Esophagus
2_01176.png,Esophagus
2_01177.png,Esophagus
2_01178.png,Esophagus
2_01179.png,Esophagus
2_01180.png,Esophagus
2_01181.png,Esophagus
2_01182.png,Esophagus
2_01183.png,Esophagus
2_01184.png,Esophagus
2_01185.png,Esophagus
2_01186.png,Adrenal_gland
2_01187.png,Adrenal_gland
2_01188.png,Adrenal_gland
2_01189.png,Adrenal_gland
2_01190.png,Adrenal_gland
2_01191.png,Adrenal_gland
2_01192.png,Adrenal_gland
2_01193.png,Adrenal_gland
2_01194.png,Adrenal_gland
2_01195.png,Adrenal_gland
2_01196.png,Adrenal_gland
2_01197.png,Adrenal_gland
2_01198.png,Adrenal_gland
2_01199.png,Adrenal_gland
2_01200.png,Adrenal_gland
2_01201.png,Adrenal_gland
2_01202.png,Adrenal_gland
2_01203.png,Adrenal_gland
2_01204.png,Pancreatic
2_01205.png,Pancreatic
2_01206.png,Pancreatic
2_01207.png,Pancreatic
2_01208.png,Pancreatic
2_01209.png,Pancreatic
2_01210.png,Pancreatic
2_01211.png,Pancreatic
2_01212.png,Adrenal_gland
2_01213.png,Adrenal_gland
2_01214.png,Adrenal_gland
2_01215.png,Adrenal_gland
2_01216.png,Adrenal_gland
2_01217.png,Adrenal_gland
2_01218.png,Adrenal_gland
2_01219.png,Adrenal_gland
2_01220.png,Adrenal_gland
2_01221.png,Adrenal_gland
2_01222.png,Adrenal_gland
2_01223.png,Adrenal_gland
2_01224.png,Cervix
2_01225.png,Cervix
2_01226.png,Cervix
2_01227.png,Cervix
2_01228.png,Cervix
2_01229.png,Cervix
2_01230.png,Cervix
2_01231.png,Cervix
2_01232.png,Cervix
2_01233.png,Cervix
2_01234.png,Cervix
2_01235.png,Cervix
2_01236.png,Cervix
2_01237.png,Cervix
2_01238.png,Cervix
2_01239.png,Cervix
2_01240.png,Cervix
2_01241.png,Cervix
2_01242.png,Cervix
2_01243.png,Cervix
2_01244.png,Cervix
2_01245.png,Cervix
2_01246.png,Cervix
2_01247.png,Cervix
2_01248.png,Bile-duct
2_01249.png,Bile-duct
2_01250.png,Bile-duct
2_01251.png,Bile-duct
2_01252.png,Bile-duct
2_01253.png,Bile-duct
2_01254.png,Bile-duct
2_01255.png,Bile-duct
2_01256.png,Bile-duct
2_01257.png,Bile-duct
2_01258.png,Bile-duct
2_01259.png,Bile-duct
2_01260.png,Bile-duct
2_01261.png,Bile-duct
2_01262.png,Bile-duct
2_01263.png,Bile-duct
2_01264.png,Bile-duct
2_01265.png,Bile-duct
2_01266.png,Bile-duct
2_01267.png,Bile-duct
2_01268.png,Bile-duct
2_01269.png,Bile-duct
2_01270.png,Bile-duct
2_01271.png,Bile-duct
2_01272.png,Bile-duct
2_01273.png,Bile-duct
2_01274.png,Bile-duct
2_01275.png,Bile-duct
2_01276.png,Bile-duct
2_01277.png,Bile-duct
2_01278.png,Bile-duct
2_01279.png,Bile-duct
2_01280.png,Bile-duct
2_01281.png,Bile-duct
2_01282.png,Bile-duct
2_01283.png,Bile-duct
2_01284.png,Bile-duct
2_01285.png,Bile-duct
2_01286.png,Testis
2_01287.png,Testis
2_01288.png,Testis
2_01289.png,Testis
2_01290.png,Testis
2_01291.png,Testis
2_01292.png,Testis
2_01293.png,Testis
2_01294.png,Testis
2_01295.png,Testis
2_01296.png,Testis
2_01297.png,Testis
2_01298.png,Testis
2_01299.png,Testis
2_01300.png,Testis
2_01301.png,Testis
2_01302.png,Testis
2_01303.png,Testis
2_01304.png,Testis
2_01305.png,Testis
2_01306.png,Testis
2_01307.png,Testis
2_01308.png,Testis
2_01309.png,Testis
2_01310.png,Testis
2_01311.png,Testis
2_01312.png,Testis
2_01313.png,Testis
2_01314.png,Testis
2_01315.png,Bile-duct
2_01316.png,Bile-duct
2_01317.png,Bile-duct
2_01318.png,Bile-duct
2_01319.png,Bile-duct
2_01320.png,Bile-duct
2_01321.png,Bile-duct
2_01322.png,Bile-duct
2_01323.png,Bile-duct
2_01324.png,Bile-duct
2_01325.png,Bile-duct
2_01326.png,Bile-duct
2_01327.png,Bile-duct
2_01328.png,Bile-duct
2_01329.png,Bile-duct
2_01330.png,Bile-duct
2_01331.png,Bile-duct
2_01332.png,Bile-duct
2_01333.png,Bile-duct
2_01334.png,Bile-duct
2_01335.png,Bile-duct
2_01336.png,Bile-duct
2_01337.png,Bile-duct
2_01338.png,Bile-duct
2_01339.png,Bile-duct
2_01340.png,Bile-duct
2_01341.png,Bile-duct
2_01342.png,Bile-duct
2_01343.png,Bile-duct
2_01344.png,Bile-duct
2_01345.png,Bile-duct
2_01346.png,Bile-duct
2_01347.png,Bile-duct
2_01348.png,Bile-duct
2_01349.png,Bile-duct
2_01350.png,Colon
2_01351.png,Colon
2_01352.png,Colon
2_01353.png,Colon
2_01354.png,Colon
2_01355.png,Colon
2_01356.png,Colon
2_01357.png,Colon
2_01358.png,Colon
2_01359.png,Colon
2_01360.png,Colon
2_01361.png,Colon
2_01362.png,Colon
2_01363.png,Colon
2_01364.png,Colon
2_01365.png,Colon
2_01366.png,Colon
2_01367.png,Colon
2_01368.png,Colon
2_01369.png,Colon
2_01370.png,Colon
2_01371.png,Colon
2_01372.png,Colon
2_01373.png,Colon
2_01374.png,Colon
2_01375.png,Colon
2_01376.png,Colon
2_01377.png,Colon
2_01378.png,Colon
2_01379.png,Colon
2_01380.png,Colon
2_01381.png,Colon
2_01382.png,Colon
2_01383.png,Colon
2_01384.png,Colon
2_01385.png,Colon
2_01386.png,Colon
2_01387.png,Colon
2_01388.png,Colon
2_01389.png,Colon
2_01390.png,Colon
2_01391.png,Colon
2_01392.png,Colon
2_01393.png,Colon
2_01394.png,Colon
2_01395.png,Colon
2_01396.png,Colon
2_01397.png,Colon
2_01398.png,Adrenal_gland
2_01399.png,Adrenal_gland
2_01400.png,Adrenal_gland
2_01401.png,Adrenal_gland
2_01402.png,Adrenal_gland
2_01403.png,Adrenal_gland
2_01404.png,Adrenal_gland
2_01405.png,Adrenal_gland
2_01406.png,Adrenal_gland
2_01407.png,Adrenal_gland
2_01408.png,Adrenal_gland
2_01409.png,Adrenal_gland
2_01410.png,Adrenal_gland
2_01411.png,Adrenal_gland
2_01412.png,Adrenal_gland
2_01413.png,Adrenal_gland
2_01414.png,Adrenal_gland
2_01415.png,Adrenal_gland
2_01416.png,Adrenal_gland
2_01417.png,Adrenal_gland
2_01418.png,Adrenal_gland
2_01419.png,Adrenal_gland
2_01420.png,Adrenal_gland
2_01421.png,Adrenal_gland
2_01422.png,Adrenal_gland
2_01423.png,Adrenal_gland
2_01424.png,Adrenal_gland
2_01425.png,Adrenal_gland
2_01426.png,Adrenal_gland
2_01427.png,Adrenal_gland
2_01428.png,Adrenal_gland
2_01429.png,Adrenal_gland
2_01430.png,Adrenal_gland
2_01431.png,Adrenal_gland
2_01432.png,Adrenal_gland
2_01433.png,Adrenal_gland
2_01434.png,Adrenal_gland
2_01435.png,Adrenal_gland
2_01436.png,Adrenal_gland
2_01437.png,Adrenal_gland
2_01438.png,Adrenal_gland
2_01439.png,Adrenal_gland
2_01440.png,Adrenal_gland
2_01441.png,Adrenal_gland
2_01442.png,Adrenal_gland
2_01443.png,Adrenal_gland
2_01444.png,Adrenal_gland
2_01445.png,Adrenal_gland
2_01446.png,Adrenal_gland
2_01447.png,Adrenal_gland
2_01448.png,Adrenal_gland
2_01449.png,Adrenal_gland
2_01450.png,Adrenal_gland
2_01451.png,Adrenal_gland
2_01452.png,Adrenal_gland
2_01453.png,Adrenal_gland
2_01454.png,Adrenal_gland
2_01455.png,Adrenal_gland
2_01456.png,Adrenal_gland
2_01457.png,Adrenal_gland
2_01458.png,Adrenal_gland
2_01459.png,Adrenal_gland
2_01460.png,Adrenal_gland
2_01461.png,Adrenal_gland
2_01462.png,Adrenal_gland
2_01463.png,Adrenal_gland
2_01464.png,Adrenal_gland
2_01465.png,Adrenal_gland
2_01466.png,Adrenal_gland
2_01467.png,Adrenal_gland
2_01468.png,Bile-duct
2_01469.png,Bile-duct
2_01470.png,Bile-duct
2_01471.png,Bile-duct
2_01472.png,Bile-duct
2_01473.png,Bile-duct
2_01474.png,Bile-duct
2_01475.png,Bile-duct
2_01476.png,Bile-duct
2_01477.png,Bile-duct
2_01478.png,Bile-duct
2_01479.png,Bile-duct
2_01480.png,Bile-duct
2_01481.png,Bile-duct
2_01482.png,Bile-duct
2_01483.png,Bile-duct
2_01484.png,Bile-duct
2_01485.png,Bile-duct
2_01486.png,Bile-duct
2_01487.png,Bile-duct
2_01488.png,Bile-duct
2_01489.png,Bile-duct
2_01490.png,Bile-duct
2_01491.png,Bile-duct
2_01492.png,Bile-duct
2_01493.png,Bile-duct
2_01494.png,Bile-duct
2_01495.png,Bile-duct
2_01496.png,Bile-duct
2_01497.png,Bile-duct
2_01498.png,Bile-duct
2_01499.png,Bile-duct
2_01500.png,Bile-duct
2_01501.png,Bile-duct
2_01502.png,Bile-duct
2_01503.png,Bile-duct
2_01504.png,Bile-duct
2_01505.png,Bile-duct
2_01506.png,Bile-duct
2_01507.png,Bile-duct
2_01508.png,Bile-duct
2_01509.png,Bile-duct
2_01510.png,Bile-duct
2_01511.png,Bile-duct
2_01512.png,Bile-duct
2_01513.png,Bile-duct
2_01514.png,Bile-duct
2_01515.png,Bile-duct
2_01516.png,Bile-duct
2_01517.png,Bile-duct
2_01518.png,Bile-duct
2_01519.png,Bile-duct
2_01520.png,Bile-duct
2_01521.png,Bile-duct
2_01522.png,Bile-duct
2_01523.png,Bile-duct
2_01524.png,Bile-duct
2_01525.png,Bile-duct
2_01526.png,Bile-duct
2_01527.png,Bile-duct
2_01528.png,Bile-duct
2_01529.png,Bile-duct
2_01530.png,Bile-duct
2_01531.png,Bile-duct
2_01532.png,Bile-duct
2_01533.png,Bile-duct
2_01534.png,Bile-duct
2_01535.png,Bile-duct
2_01536.png,Bile-duct
2_01537.png,Bile-duct
2_01538.png,Bile-duct
2_01539.png,Bile-duct
2_01540.png,Bile-duct
2_01541.png,Bile-duct
2_01542.png,Bile-duct
2_01543.png,Bile-duct
2_01544.png,Bile-duct
2_01545.png,Bile-duct
2_01546.png,Bile-duct
2_01547.png,Bile-duct
2_01548.png,Bile-duct
2_01549.png,Bile-duct
2_01550.png,Bile-duct
2_01551.png,Bile-duct
2_01552.png,Bile-duct
2_01553.png,Bladder
2_01554.png,Bladder
2_01555.png,Bladder
2_01556.png,Bladder
2_01557.png,Bladder
2_01558.png,Bladder
2_01559.png,Bladder
2_01560.png,Bladder
2_01561.png,Bladder
2_01562.png,Bladder
2_01563.png,Bladder
2_01564.png,Bladder
2_01565.png,Bladder
2_01566.png,Bladder
2_01567.png,Bladder
2_01568.png,Bladder
2_01569.png,Bladder
2_01570.png,Bladder
2_01571.png,Bladder
2_01572.png,Bladder
2_01573.png,Bladder
2_01574.png,Bladder
2_01575.png,Bladder
2_01576.png,Bladder
2_01577.png,Bladder
2_01578.png,Bladder
2_01579.png,Bladder
2_01580.png,Bladder
2_01581.png,Bladder
2_01582.png,Bladder
2_01583.png,Bladder
2_01584.png,Bladder
2_01585.png,Bladder
2_01586.png,Bladder
2_01587.png,Bladder
2_01588.png,Bladder
2_01589.png,Bladder
2_01590.png,Bladder
2_01591.png,Bladder
2_01592.png,Bladder
2_01593.png,Bladder
2_01594.png,Bladder
2_01595.png,Bladder
2_01596.png,Bladder
2_01597.png,Bladder
2_01598.png,Bladder
2_01599.png,Bladder
2_01600.png,Bladder
2_01601.png,Bladder
2_01602.png,Bladder
2_01603.png,Bladder
2_01604.png,Bladder
2_01605.png,Bladder
2_01606.png,Bladder
2_01607.png,Bladder
2_01608.png,Bladder
2_01609.png,Bladder
2_01610.png,Bladder
2_01611.png,Breast
2_01612.png,Breast
2_01613.png,Breast
2_01614.png,Breast
2_01615.png,Breast
2_01616.png,Breast
2_01617.png,Breast
2_01618.png,Breast
2_01619.png,Breast
2_01620.png,Breast
2_01621.png,Breast
2_01622.png,Breast
2_01623.png,Breast
2_01624.png,Breast
2_01625.png,Breast
2_01626.png,Breast
2_01627.png,Breast
2_01628.png,Breast
2_01629.png,Breast
2_01630.png,Breast
2_01631.png,Breast
2_01632.png,Breast
2_01633.png,Breast
2_01634.png,Breast
2_01635.png,Breast
2_01636.png,Breast
2_01637.png,Breast
2_01638.png,Breast
2_01639.png,Breast
2_01640.png,Breast
2_01641.png,Breast
2_01642.png,Breast
2_01643.png,Breast
2_01644.png,Breast
2_01645.png,Breast
2_01646.png,Breast
2_01647.png,Breast
2_01648.png,Breast
2_01649.png,Breast
2_01650.png,Breast
2_01651.png,Breast
2_01652.png,Breast
2_01653.png,Breast
2_01654.png,Breast
2_01655.png,Breast
2_01656.png,Breast
2_01657.png,Breast
2_01658.png,Breast
2_01659.png,Breast
2_01660.png,Breast
2_01661.png,Breast
2_01662.png,Breast
2_01663.png,Breast
2_01664.png,Cervix
2_01665.png,Cervix
2_01666.png,Cervix
2_01667.png,Cervix
2_01668.png,Cervix
2_01669.png,Cervix
2_01670.png,Cervix
2_01671.png,Cervix
2_01672.png,Cervix
2_01673.png,Cervix
2_01674.png,Cervix
2_01675.png,Cervix
2_01676.png,Cervix
2_01677.png,Cervix
2_01678.png,Cervix
2_01679.png,Cervix
2_01680.png,Cervix
2_01681.png,Cervix
2_01682.png,Cervix
2_01683.png,Cervix
2_01684.png,Cervix
2_01685.png,Cervix
2_01686.png,Cervix
2_01687.png,Cervix
2_01688.png,Cervix
2_01689.png,Cervix
2_01690.png,Cervix
2_01691.png,Cervix
2_01692.png,Cervix
2_01693.png,Cervix
2_01694.png,Cervix
2_01695.png,Cervix
2_01696.png,Cervix
2_01697.png,Cervix
2_01698.png,Cervix
2_01699.png,Cervix
2_01700.png,Cervix
2_01701.png,Colon
2_01702.png,Colon
2_01703.png,Colon
2_01704.png,Colon
2_01705.png,Colon
2_01706.png,Colon
2_01707.png,Colon
2_01708.png,Colon
2_01709.png,Colon
2_01710.png,Colon
2_01711.png,Colon
2_01712.png,Colon
2_01713.png,Colon
2_01714.png,Colon
2_01715.png,Colon
2_01716.png,Colon
2_01717.png,Colon
2_01718.png,Colon
2_01719.png,Colon
2_01720.png,Colon
2_01721.png,Colon
2_01722.png,Colon
2_01723.png,Colon
2_01724.png,Colon
2_01725.png,Colon
2_01726.png,Colon
2_01727.png,Colon
2_01728.png,Colon
2_01729.png,Colon
2_01730.png,Colon
2_01731.png,Colon
2_01732.png,Colon
2_01733.png,Colon
2_01734.png,Colon
2_01735.png,Colon
2_01736.png,Colon
2_01737.png,Colon
2_01738.png,Colon
2_01739.png,Colon
2_01740.png,Colon
2_01741.png,Colon
2_01742.png,Colon
2_01743.png,Colon
2_01744.png,Colon
2_01745.png,Colon
2_01746.png,Colon
2_01747.png,Colon
2_01748.png,Colon
2_01749.png,Colon
2_01750.png,Colon
2_01751.png,Colon
2_01752.png,Colon
2_01753.png,Colon
2_01754.png,Colon
2_01755.png,Colon
2_01756.png,Colon
2_01757.png,Colon
2_01758.png,Colon
2_01759.png,Colon
2_01760.png,Colon
2_01761.png,Colon
2_01762.png,Colon
2_01763.png,Colon
2_01764.png,Colon
2_01765.png,Colon
2_01766.png,Colon
2_01767.png,Colon
2_01768.png,Colon
2_01769.png,Colon
2_01770.png,Colon
2_01771.png,Colon
2_01772.png,Colon
2_01773.png,Colon
2_01774.png,Colon
2_01775.png,Colon
2_01776.png,Colon
2_01777.png,Colon
2_01778.png,Colon
2_01779.png,Colon
2_01780.png,Colon
2_01781.png,Colon
2_01782.png,Colon
2_01783.png,Colon
2_01784.png,Colon
2_01785.png,Colon
2_01786.png,Colon
2_01787.png,Colon
2_01788.png,Colon
2_01789.png,Colon
2_01790.png,Colon
2_01791.png,Colon
2_01792.png,Colon
2_01793.png,Colon
2_01794.png,Colon
2_01795.png,Colon
2_01796.png,Colon
2_01797.png,Colon
2_01798.png,Colon
2_01799.png,Colon
2_01800.png,Colon
2_01801.png,Colon
2_01802.png,Colon
2_01803.png,Colon
2_01804.png,Colon
2_01805.png,Colon
2_01806.png,Colon
2_01807.png,Colon
2_01808.png,Colon
2_01809.png,Colon
2_01810.png,Colon
2_01811.png,Colon
2_01812.png,Colon
2_01813.png,Colon
2_01814.png,Colon
2_01815.png,Colon
2_01816.png,Colon
2_01817.png,Colon
2_01818.png,Colon
2_01819.png,Colon
2_01820.png,Colon
2_01821.png,Colon
2_01822.png,Colon
2_01823.png,Colon
2_01824.png,Colon
2_01825.png,Colon
2_01826.png,Colon
2_01827.png,Colon
2_01828.png,Colon
2_01829.png,Colon
2_01830.png,Colon
2_01831.png,Colon
2_01832.png,Colon
2_01833.png,Colon
2_01834.png,Colon
2_01835.png,Colon
2_01836.png,Colon
2_01837.png,Colon
2_01838.png,Colon
2_01839.png,Colon
2_01840.png,Colon
2_01841.png,Colon
2_01842.png,Colon
2_01843.png,Colon
2_01844.png,Colon
2_01845.png,Colon
2_01846.png,Colon
2_01847.png,Colon
2_01848.png,Colon
2_01849.png,Colon
2_01850.png,Colon
2_01851.png,Colon
2_01852.png,Colon
2_01853.png,Colon
2_01854.png,Colon
2_01855.png,Colon
2_01856.png,Colon
2_01857.png,Colon
2_01858.png,Colon
2_01859.png,Colon
2_01860.png,Colon
2_01861.png,Colon
2_01862.png,Colon
2_01863.png,Colon
2_01864.png,Colon
2_01865.png,Colon
2_01866.png,Colon
2_01867.png,Colon
2_01868.png,Colon
2_01869.png,Colon
2_01870.png,Colon
2_01871.png,Colon
2_01872.png,Colon
2_01873.png,Colon
2_01874.png,Colon
2_01875.png,Colon
2_01876.png,Colon
2_01877.png,Colon
2_01878.png,Colon
2_01879.png,Colon
2_01880.png,Colon
2_01881.png,Colon
2_01882.png,Colon
2_01883.png,Colon
2_01884.png,Colon
2_01885.png,Colon
2_01886.png,Colon
2_01887.png,Colon
2_01888.png,Colon
2_01889.png,Colon
2_01890.png,Colon
2_01891.png,Colon
2_01892.png,Colon
2_01893.png,Colon
2_01894.png,Colon
2_01895.png,Colon
2_01896.png,Colon
2_01897.png,Colon
2_01898.png,Colon
2_01899.png,Colon
2_01900.png,Colon
2_01901.png,Colon
2_01902.png,Colon
2_01903.png,Colon
2_01904.png,Colon
2_01905.png,Colon
2_01906.png,Colon
2_01907.png,Colon
2_01908.png,Colon
2_01909.png,Colon
2_01910.png,Colon
2_01911.png,Colon
2_01912.png,Colon
2_01913.png,Colon
2_01914.png,Colon
2_01915.png,Colon
2_01916.png,Colon
2_01917.png,Colon
2_01918.png,Colon
2_01919.png,Colon
2_01920.png,Colon
2_01921.png,Colon
2_01922.png,Colon
2_01923.png,Colon
2_01924.png,Colon
2_01925.png,Colon
2_01926.png,Colon
2_01927.png,Colon
2_01928.png,Colon
2_01929.png,Colon
2_01930.png,Colon
2_01931.png,Colon
2_01932.png,Colon
2_01933.png,Colon
2_01934.png,Colon
2_01935.png,Colon
2_01936.png,Colon
2_01937.png,Colon
2_01938.png,Colon
2_01939.png,Colon
2_01940.png,Colon
2_01941.png,Colon
2_01942.png,Colon
2_01943.png,Colon
2_01944.png,Colon
2_01945.png,Colon
2_01946.png,Colon
2_01947.png,Esophagus
2_01948.png,Esophagus
2_01949.png,Esophagus
2_01950.png,Esophagus
2_01951.png,Esophagus
2_01952.png,Esophagus
2_01953.png,Esophagus
2_01954.png,Esophagus
2_01955.png,Esophagus
2_01956.png,Esophagus
2_01957.png,Esophagus
2_01958.png,Esophagus
2_01959.png,Esophagus
2_01960.png,Esophagus
2_01961.png,Esophagus
2_01962.png,Esophagus
2_01963.png,Esophagus
2_01964.png,Esophagus
2_01965.png,Esophagus
2_01966.png,Esophagus
2_01967.png,Esophagus
2_01968.png,Esophagus
2_01969.png,Esophagus
2_01970.png,Esophagus
2_01971.png,Esophagus
2_01972.png,Esophagus
2_01973.png,Esophagus
2_01974.png,Esophagus
2_01975.png,Esophagus
2_01976.png,Esophagus
2_01977.png,Esophagus
2_01978.png,Esophagus
2_01979.png,Esophagus
2_01980.png,Esophagus
2_01981.png,Esophagus
2_01982.png,Esophagus
2_01983.png,Esophagus
2_01984.png,Esophagus
2_01985.png,Esophagus
2_01986.png,Esophagus
2_01987.png,HeadNeck
2_01988.png,HeadNeck
2_01989.png,HeadNeck
2_01990.png,HeadNeck
2_01991.png,HeadNeck
2_01992.png,HeadNeck
2_01993.png,HeadNeck
2_01994.png,HeadNeck
2_01995.png,HeadNeck
2_01996.png,HeadNeck
2_01997.png,HeadNeck
2_01998.png,HeadNeck
2_01999.png,HeadNeck
2_02000.png,HeadNeck
2_02001.png,HeadNeck
2_02002.png,HeadNeck
2_02003.png,HeadNeck
2_02004.png,HeadNeck
2_02005.png,HeadNeck
2_02006.png,HeadNeck
2_02007.png,HeadNeck
2_02008.png,HeadNeck
2_02009.png,HeadNeck
2_02010.png,HeadNeck
2_02011.png,HeadNeck
2_02012.png,HeadNeck
2_02013.png,HeadNeck
2_02014.png,HeadNeck
2_02015.png,HeadNeck
2_02016.png,HeadNeck
2_02017.png,HeadNeck
2_02018.png,HeadNeck
2_02019.png,HeadNeck
2_02020.png,HeadNeck
2_02021.png,HeadNeck
2_02022.png,HeadNeck
2_02023.png,HeadNeck
2_02024.png,HeadNeck
2_02025.png,HeadNeck
2_02026.png,HeadNeck
2_02027.png,HeadNeck
2_02028.png,HeadNeck
2_02029.png,HeadNeck
2_02030.png,HeadNeck
2_02031.png,HeadNeck
2_02032.png,HeadNeck
2_02033.png,HeadNeck
2_02034.png,HeadNeck
2_02035.png,HeadNeck
2_02036.png,HeadNeck
2_02037.png,HeadNeck
2_02038.png,HeadNeck
2_02039.png,HeadNeck
2_02040.png,HeadNeck
2_02041.png,HeadNeck
2_02042.png,HeadNeck
2_02043.png,HeadNeck
2_02044.png,HeadNeck
2_02045.png,HeadNeck
2_02046.png,HeadNeck
2_02047.png,HeadNeck
2_02048.png,HeadNeck
2_02049.png,HeadNeck
2_02050.png,HeadNeck
2_02051.png,HeadNeck
2_02052.png,HeadNeck
2_02053.png,HeadNeck
2_02054.png,HeadNeck
2_02055.png,HeadNeck
2_02056.png,HeadNeck
2_02057.png,HeadNeck
2_02058.png,HeadNeck
2_02059.png,HeadNeck
2_02060.png,HeadNeck
2_02061.png,HeadNeck
2_02062.png,HeadNeck
2_02063.png,HeadNeck
2_02064.png,HeadNeck
2_02065.png,HeadNeck
2_02066.png,HeadNeck
2_02067.png,HeadNeck
2_02068.png,HeadNeck
2_02069.png,HeadNeck
2_02070.png,HeadNeck
2_02071.png,HeadNeck
2_02072.png,HeadNeck
2_02073.png,HeadNeck
2_02074.png,HeadNeck
2_02075.png,HeadNeck
2_02076.png,HeadNeck
2_02077.png,HeadNeck
2_02078.png,HeadNeck
2_02079.png,HeadNeck
2_02080.png,HeadNeck
2_02081.png,HeadNeck
2_02082.png,HeadNeck
2_02083.png,HeadNeck
2_02084.png,HeadNeck
2_02085.png,HeadNeck
2_02086.png,HeadNeck
2_02087.png,HeadNeck
2_02088.png,HeadNeck
2_02089.png,HeadNeck
2_02090.png,HeadNeck
2_02091.png,HeadNeck
2_02092.png,HeadNeck
2_02093.png,HeadNeck
2_02094.png,HeadNeck
2_02095.png,HeadNeck
2_02096.png,HeadNeck
2_02097.png,HeadNeck
2_02098.png,HeadNeck
2_02099.png,HeadNeck
2_02100.png,HeadNeck
2_02101.png,HeadNeck
2_02102.png,HeadNeck
2_02103.png,HeadNeck
2_02104.png,HeadNeck
2_02105.png,HeadNeck
2_02106.png,HeadNeck
2_02107.png,HeadNeck
2_02108.png,HeadNeck
2_02109.png,HeadNeck
2_02110.png,HeadNeck
2_02111.png,HeadNeck
2_02112.png,HeadNeck
2_02113.png,HeadNeck
2_02114.png,HeadNeck
2_02115.png,HeadNeck
2_02116.png,HeadNeck
2_02117.png,HeadNeck
2_02118.png,HeadNeck
2_02119.png,HeadNeck
2_02120.png,HeadNeck
2_02121.png,HeadNeck
2_02122.png,HeadNeck
2_02123.png,HeadNeck
2_02124.png,HeadNeck
2_02125.png,HeadNeck
2_02126.png,HeadNeck
2_02127.png,HeadNeck
2_02128.png,HeadNeck
2_02129.png,HeadNeck
2_02130.png,HeadNeck
2_02131.png,HeadNeck
2_02132.png,Kidney
2_02133.png,Kidney
2_02134.png,Kidney
2_02135.png,Kidney
2_02136.png,Kidney
2_02137.png,Kidney
2_02138.png,Kidney
2_02139.png,Kidney
2_02140.png,Kidney
2_02141.png,Kidney
2_02142.png,Kidney
2_02143.png,Kidney
2_02144.png,Kidney
2_02145.png,Kidney
2_02146.png,Kidney
2_02147.png,Kidney
2_02148.png,Kidney
2_02149.png,Kidney
2_02150.png,Kidney
2_02151.png,Kidney
2_02152.png,Kidney
2_02153.png,Kidney
2_02154.png,Kidney
2_02155.png,Kidney
2_02156.png,Kidney
2_02157.png,Kidney
2_02158.png,Kidney
2_02159.png,Kidney
2_02160.png,Kidney
2_02161.png,Kidney
2_02162.png,Kidney
2_02163.png,Liver
2_02164.png,Liver
2_02165.png,Liver
2_02166.png,Liver
2_02167.png,Liver
2_02168.png,Liver
2_02169.png,Liver
2_02170.png,Liver
2_02171.png,Liver
2_02172.png,Liver
2_02173.png,Liver
2_02174.png,Liver
2_02175.png,Liver
2_02176.png,Liver
2_02177.png,Liver
2_02178.png,Liver
2_02179.png,Liver
2_02180.png,Liver
2_02181.png,Liver
2_02182.png,Liver
2_02183.png,Liver
2_02184.png,Liver
2_02185.png,Liver
2_02186.png,Liver
2_02187.png,Liver
2_02188.png,Liver
2_02189.png,Liver
2_02190.png,Liver
2_02191.png,Liver
2_02192.png,Liver
2_02193.png,Liver
2_02194.png,Liver
2_02195.png,Liver
2_02196.png,Liver
2_02197.png,Liver
2_02198.png,Liver
2_02199.png,Liver
2_02200.png,Liver
2_02201.png,Liver
2_02202.png,Liver
2_02203.png,Liver
2_02204.png,Liver
2_02205.png,Liver
2_02206.png,Liver
2_02207.png,Liver
2_02208.png,Liver
2_02209.png,Liver
2_02210.png,Liver
2_02211.png,Liver
2_02212.png,Liver
2_02213.png,Liver
2_02214.png,Liver
2_02215.png,Liver
2_02216.png,Liver
2_02217.png,Liver
2_02218.png,Liver
2_02219.png,Liver
2_02220.png,Liver
2_02221.png,Liver
2_02222.png,Liver
2_02223.png,Liver
2_02224.png,Liver
2_02225.png,Liver
2_02226.png,Liver
2_02227.png,Liver
2_02228.png,Liver
2_02229.png,Liver
2_02230.png,Liver
2_02231.png,Liver
2_02232.png,Liver
2_02233.png,Liver
2_02234.png,Liver
2_02235.png,Liver
2_02236.png,Liver
2_02237.png,Liver
2_02238.png,Liver
2_02239.png,Liver
2_02240.png,Liver
2_02241.png,Liver
2_02242.png,Liver
2_02243.png,Liver
2_02244.png,Liver
2_02245.png,Liver
2_02246.png,Liver
2_02247.png,Liver
2_02248.png,Liver
2_02249.png,Liver
2_02250.png,Liver
2_02251.png,Liver
2_02252.png,Liver
2_02253.png,Liver
2_02254.png,Liver
2_02255.png,Liver
2_02256.png,Lung
2_02257.png,Lung
2_02258.png,Lung
2_02259.png,Lung
2_02260.png,Lung
2_02261.png,Lung
2_02262.png,Lung
2_02263.png,Lung
2_02264.png,Lung
2_02265.png,Ovarian
2_02266.png,Ovarian
2_02267.png,Ovarian
2_02268.png,Ovarian
2_02269.png,Ovarian
2_02270.png,Ovarian
2_02271.png,Ovarian
2_02272.png,Ovarian
2_02273.png,Ovarian
2_02274.png,Ovarian
2_02275.png,Ovarian
2_02276.png,Ovarian
2_02277.png,Ovarian
2_02278.png,Ovarian
2_02279.png,Ovarian
2_02280.png,Ovarian
2_02281.png,Ovarian
2_02282.png,Ovarian
2_02283.png,Ovarian
2_02284.png,Ovarian
2_02285.png,Ovarian
2_02286.png,Ovarian
2_02287.png,Ovarian
2_02288.png,Ovarian
2_02289.png,Ovarian
2_02290.png,Ovarian
2_02291.png,Ovarian
2_02292.png,Ovarian
2_02293.png,Ovarian
2_02294.png,Ovarian
2_02295.png,Ovarian
2_02296.png,Ovarian
2_02297.png,Ovarian
2_02298.png,Ovarian
2_02299.png,Ovarian
2_02300.png,Ovarian
2_02301.png,Ovarian
2_02302.png,Ovarian
2_02303.png,Ovarian
2_02304.png,Ovarian
2_02305.png,Ovarian
2_02306.png,Ovarian
2_02307.png,Ovarian
2_02308.png,Ovarian
2_02309.png,Ovarian
2_02310.png,Ovarian
2_02311.png,Ovarian
2_02312.png,Ovarian
2_02313.png,Pancreatic
2_02314.png,Pancreatic
2_02315.png,Pancreatic
2_02316.png,Pancreatic
2_02317.png,Pancreatic
2_02318.png,Pancreatic
2_02319.png,Pancreatic
2_02320.png,Pancreatic
2_02321.png,Pancreatic
2_02322.png,Pancreatic
2_02323.png,Pancreatic
2_02324.png,Pancreatic
2_02325.png,Pancreatic
2_02326.png,Pancreatic
2_02327.png,Pancreatic
2_02328.png,Pancreatic
2_02329.png,Pancreatic
2_02330.png,Pancreatic
2_02331.png,Pancreatic
2_02332.png,Pancreatic
2_02333.png,Prostate
2_02334.png,Prostate
2_02335.png,Prostate
2_02336.png,Prostate
2_02337.png,Prostate
2_02338.png,Prostate
2_02339.png,Prostate
2_02340.png,Prostate
2_02341.png,Prostate
2_02342.png,Prostate
2_02343.png,Prostate
2_02344.png,Prostate
2_02345.png,Prostate
2_02346.png,Prostate
2_02347.png,Prostate
2_02348.png,Prostate
2_02349.png,Prostate
2_02350.png,Prostate
2_02351.png,Prostate
2_02352.png,Prostate
2_02353.png,Prostate
2_02354.png,Prostate
2_02355.png,Prostate
2_02356.png,Prostate
2_02357.png,Prostate
2_02358.png,Prostate
2_02359.png,Prostate
2_02360.png,Prostate
2_02361.png,Prostate
2_02362.png,Prostate
2_02363.png,Prostate
2_02364.png,Prostate
2_02365.png,Prostate
2_02366.png,Prostate
2_02367.png,Prostate
2_02368.png,Prostate
2_02369.png,Prostate
2_02370.png,Prostate
2_02371.png,Prostate
2_02372.png,Prostate
2_02373.png,Prostate
2_02374.png,Prostate
2_02375.png,Prostate
2_02376.png,Skin
2_02377.png,Skin
2_02378.png,Skin
2_02379.png,Skin
2_02380.png,Skin
2_02381.png,Skin
2_02382.png,Skin
2_02383.png,Skin
2_02384.png,Skin
2_02385.png,Skin
2_02386.png,Skin
2_02387.png,Skin
2_02388.png,Skin
2_02389.png,Skin
2_02390.png,Skin
2_02391.png,Skin
2_02392.png,Skin
2_02393.png,Skin
2_02394.png,Skin
2_02395.png,Skin
2_02396.png,Skin
2_02397.png,Skin
2_02398.png,Skin
2_02399.png,Skin
2_02400.png,Skin
2_02401.png,Skin
2_02402.png,Skin
2_02403.png,Skin
2_02404.png,Skin
2_02405.png,Skin
2_02406.png,Skin
2_02407.png,Skin
2_02408.png,Skin
2_02409.png,Skin
2_02410.png,Skin
2_02411.png,Skin
2_02412.png,Stomach
2_02413.png,Stomach
2_02414.png,Stomach
2_02415.png,Stomach
2_02416.png,Stomach
2_02417.png,Stomach
2_02418.png,Stomach
2_02419.png,Stomach
2_02420.png,Stomach
2_02421.png,Stomach
2_02422.png,Stomach
2_02423.png,Stomach
2_02424.png,Stomach
2_02425.png,Stomach
2_02426.png,Stomach
2_02427.png,Stomach
2_02428.png,Stomach
2_02429.png,Stomach
2_02430.png,Stomach
2_02431.png,Stomach
2_02432.png,Stomach
2_02433.png,Stomach
2_02434.png,Stomach
2_02435.png,Stomach
2_02436.png,Stomach
2_02437.png,Stomach
2_02438.png,Stomach
2_02439.png,Stomach
2_02440.png,Stomach
2_02441.png,Stomach
2_02442.png,Stomach
2_02443.png,Stomach
2_02444.png,Stomach
2_02445.png,Stomach
2_02446.png,Stomach
2_02447.png,Stomach
2_02448.png,Stomach
2_02449.png,Stomach
2_02450.png,Stomach
2_02451.png,Stomach
2_02452.png,Stomach
2_02453.png,Stomach
2_02454.png,Stomach
2_02455.png,Testis
2_02456.png,Testis
2_02457.png,Testis
2_02458.png,Testis
2_02459.png,Testis
2_02460.png,Testis
2_02461.png,Testis
2_02462.png,Testis
2_02463.png,Testis
2_02464.png,Testis
2_02465.png,Testis
2_02466.png,Testis
2_02467.png,Testis
2_02468.png,Testis
2_02469.png,Testis
2_02470.png,Testis
2_02471.png,Testis
2_02472.png,Testis
2_02473.png,Testis
2_02474.png,Testis
2_02475.png,Testis
2_02476.png,Testis
2_02477.png,Testis
2_02478.png,Testis
2_02479.png,Testis
2_02480.png,Testis
2_02481.png,Testis
2_02482.png,Testis
2_02483.png,Thyroid
2_02484.png,Thyroid
2_02485.png,Thyroid
2_02486.png,Thyroid
2_02487.png,Thyroid
2_02488.png,Thyroid
2_02489.png,Thyroid
2_02490.png,Thyroid
2_02491.png,Thyroid
2_02492.png,Thyroid
2_02493.png,Thyroid
2_02494.png,Thyroid
2_02495.png,Thyroid
2_02496.png,Thyroid
2_02497.png,Thyroid
2_02498.png,Thyroid
2_02499.png,Thyroid
2_02500.png,Thyroid
2_02501.png,Thyroid
2_02502.png,Thyroid
2_02503.png,Thyroid
2_02504.png,Thyroid
2_02505.png,Thyroid
2_02506.png,Thyroid
2_02507.png,Thyroid
2_02508.png,Thyroid
2_02509.png,Thyroid
2_02510.png,Thyroid
2_02511.png,Thyroid
2_02512.png,Thyroid
2_02513.png,Thyroid
2_02514.png,Thyroid
2_02515.png,Thyroid
2_02516.png,Thyroid
2_02517.png,Thyroid
2_02518.png,Thyroid
2_02519.png,Thyroid
2_02520.png,Thyroid
2_02521.png,Thyroid
2_02522.png,Thyroid
2_02523.png,Uterus
2_02524.png,Uterus
2_02525.png,Uterus
2_02526.png,Uterus
2_02527.png,Uterus
2_02528.png,Uterus
2_02529.png,Uterus
2_02530.png,Uterus
2_02531.png,Uterus
2_02532.png,Uterus
2_02533.png,Uterus
2_02534.png,Uterus
2_02535.png,Uterus
2_02536.png,Uterus
2_02537.png,Uterus
2_02538.png,Uterus
2_02539.png,Uterus
2_02540.png,Uterus
2_02541.png,Uterus
2_02542.png,Uterus
2_02543.png,Uterus
2_02544.png,Uterus
2_02545.png,Uterus
2_02546.png,Uterus
2_02547.png,Uterus
2_02548.png,Uterus
2_02549.png,Uterus
2_02550.png,Uterus
2_02551.png,Uterus
2_02552.png,Uterus
2_02553.png,Uterus
2_02554.png,Uterus
2_02555.png,Uterus
2_02556.png,Uterus
2_02557.png,Uterus
2_02558.png,Uterus
2_02559.png,Uterus
2_02560.png,Uterus
2_02561.png,Uterus
2_02562.png,Uterus
2_02563.png,Uterus
2_02564.png,Uterus
2_02565.png,Uterus
2_02566.png,Uterus
2_02567.png,Uterus
2_02568.png,Uterus
2_02569.png,Uterus
2_02570.png,Uterus
2_02571.png,Uterus
2_02572.png,Uterus
2_02573.png,Uterus
2_02574.png,Uterus
2_02575.png,Uterus
2_02576.png,Uterus
2_02577.png,Uterus
2_02578.png,Uterus
2_02579.png,Uterus
2_02580.png,Uterus
2_02581.png,Uterus
2_02582.png,Uterus
2_02583.png,Uterus
2_02584.png,Uterus
2_02585.png,Uterus
2_02586.png,Uterus
2_02587.png,Uterus
2_02588.png,Uterus
2_02589.png,Uterus
2_02590.png,Uterus
2_02591.png,Uterus
2_02592.png,Uterus
2_02593.png,Uterus
2_02594.png,Uterus
2_02595.png,Uterus
2_02596.png,Uterus
2_02597.png,Uterus
2_02598.png,Uterus
2_02599.png,Uterus
2_02600.png,Uterus
2_02601.png,Uterus
2_02602.png,Uterus
2_02603.png,Uterus
2_02604.png,Uterus
2_02605.png,Uterus
2_02606.png,Uterus
2_02607.png,Uterus
2_02608.png,Uterus
2_02609.png,Uterus
2_02610.png,Uterus
2_02611.png,Uterus
2_02612.png,Uterus
2_02613.png,Uterus
2_02614.png,Uterus
2_02615.png,Uterus
2_02616.png,Uterus
2_02617.png,Uterus
2_02618.png,Uterus
2_02619.png,Uterus
2_02620.png,Uterus
2_02621.png,Uterus
2_02622.png,Uterus
2_02623.png,Uterus
2_02624.png,Uterus
2_02625.png,Uterus
2_02626.png,Uterus
2_02627.png,Uterus
2_02628.png,Uterus
2_02629.png,Uterus
2_02630.png,Uterus
2_02631.png,Uterus
2_02632.png,Uterus
2_02633.png,Uterus
2_02634.png,Colon
2_02635.png,Colon
2_02636.png,Colon
2_02637.png,Colon
2_02638.png,Colon
2_02639.png,Colon
2_02640.png,Colon
2_02641.png,Colon
2_02642.png,Colon
2_02643.png,Colon
2_02644.png,Colon
2_02645.png,Colon
2_02646.png,Colon
2_02647.png,Colon
2_02648.png,Colon
2_02649.png,Colon
2_02650.png,Colon
2_02651.png,Colon
2_02652.png,Colon
2_02653.png,Colon
2_02654.png,Colon
2_02655.png,Colon
2_02656.png,Colon
2_02657.png,Colon
2_02658.png,Colon
2_02659.png,Colon
2_02660.png,Colon
2_02661.png,Colon
2_02662.png,Colon
2_02663.png,Colon
2_02664.png,Colon
2_02665.png,Colon
2_02666.png,Colon
2_02667.png,Colon
2_02668.png,Colon
2_02669.png,Colon
2_02670.png,Colon
2_02671.png,Colon
2_02672.png,Colon
2_02673.png,Colon
2_02674.png,Colon
2_02675.png,Colon
2_02676.png,Colon
2_02677.png,Colon
2_02678.png,Colon
2_02679.png,Colon
2_02680.png,Colon
2_02681.png,Colon
2_02682.png,Colon
2_02683.png,Colon
2_02684.png,Colon
2_02685.png,Colon
2_02686.png,Colon
2_02687.png,Colon
2_02688.png,Colon
2_02689.png,Colon
2_02690.png,Colon
2_02691.png,Colon
2_02692.png,Colon
2_02693.png,Colon
2_02694.png,Colon
2_02695.png,Colon
2_02696.png,Colon
2_02697.png,Colon
2_02698.png,Colon
2_02699.png,Colon
2_02700.png,Colon
2_02701.png,Colon
2_02702.png,Colon
2_02703.png,Colon
2_02704.png,Colon
2_02705.png,Colon
2_02706.png,Colon
2_02707.png,Colon
2_02708.png,Colon
2_02709.png,Colon
2_02710.png,Colon
2_02711.png,Colon
2_02712.png,Colon
2_02713.png,Colon
2_02714.png,Colon
2_02715.png,Colon
2_02716.png,Colon
2_02717.png,Colon
2_02718.png,Colon
2_02719.png,Colon
2_02720.png,Colon
2_02721.png,Colon
